-- phpMyAdmin SQL Dump
-- version 5.2.1
-- https://www.phpmyadmin.net/
--
-- Host: localhost
-- Erstellungszeit: 28. Apr 2025 um 20:47
-- Server-Version: 10.4.28-MariaDB
-- PHP-Version: 8.2.4

SET SQL_MODE = "NO_AUTO_VALUE_ON_ZERO";
START TRANSACTION;
SET time_zone = "+00:00";


/*!40101 SET @OLD_CHARACTER_SET_CLIENT=@@CHARACTER_SET_CLIENT */;
/*!40101 SET @OLD_CHARACTER_SET_RESULTS=@@CHARACTER_SET_RESULTS */;
/*!40101 SET @OLD_COLLATION_CONNECTION=@@COLLATION_CONNECTION */;
/*!40101 SET NAMES utf8mb4 */;

--
-- Datenbank: `likeherotozero`
--

-- --------------------------------------------------------

--
-- Tabellenstruktur für Tabelle `countries`
--

CREATE TABLE `countries` (
  `iso` varchar(3) NOT NULL,
  `country_name` varchar(100) NOT NULL,
  `unit` varchar(10) NOT NULL DEFAULT 'MtCO2e'
) ENGINE=InnoDB DEFAULT CHARSET=utf8mb4 COLLATE=utf8mb4_general_ci;

--
-- Daten für Tabelle `countries`
--

INSERT INTO `countries` (`iso`, `country_name`, `unit`) VALUES
('ARE', 'United Arab Emirates', 'MtCO2e'),
('ARG', 'Argentina', 'MtCO2e'),
('AUS', 'Australia', 'MtCO2e'),
('AUT', 'Austria', 'MtCO2e'),
('BEL', 'Belgium', 'MtCO2e'),
('BGD', 'Bangladesh', 'MtCO2e'),
('BRA', 'Brazil', 'MtCO2e'),
('CAN', 'Canada', 'MtCO2e'),
('CHL', 'Chile', 'MtCO2e'),
('CHN', 'China', 'MtCO2e'),
('COD', 'Democratic Republic of the Congo', 'MtCO2e'),
('COL', 'Colombia', 'MtCO2e'),
('CZE', 'Czech Republic', 'MtCO2e'),
('DEU', 'Deutschland', 'MtCO2e'),
('EGY', 'Egypt', 'MtCO2e'),
('ESP', 'Spain', 'MtCO2e'),
('FRA', 'France', 'MtCO2e'),
('GBR', 'United Kingdom', 'MtCO2e'),
('IDN', 'Indonesia', 'MtCO2e'),
('IND', 'India', 'MtCO2e'),
('IRN', 'Iran', 'MtCO2e'),
('IRQ', 'Iraq', 'MtCO2e'),
('ITA', 'Italy', 'MtCO2e'),
('JPN', 'Japan', 'MtCO2e'),
('KAZ', 'Kazakhstan', 'MtCO2e'),
('KOR', 'South Korea', 'MtCO2e'),
('MEX', 'Mexico', 'MtCO2e'),
('MMR', 'Myanmar', 'MtCO2e'),
('MYS', 'Malaysia', 'MtCO2e'),
('NGA', 'Nigeria', 'MtCO2e'),
('NLD', 'Netherlands', 'MtCO2e'),
('PAK', 'Pakistan', 'MtCO2e'),
('PER', 'Peru', 'MtCO2e'),
('PHL', 'Philippines', 'MtCO2e'),
('POL', 'Poland', 'MtCO2e'),
('ROU', 'Romania', 'MtCO2e'),
('RUS', 'Russian Federation', 'MtCO2e'),
('SAU', 'Saudi Arabia', 'MtCO2e'),
('THA', 'Thailand', 'MtCO2e'),
('TUR', 'Turkey', 'MtCO2e'),
('UKR', 'Ukraine', 'MtCO2e'),
('USA', 'United States', 'MtCO2e'),
('VEN', 'Venezuela', 'MtCO2e'),
('VNM', 'Vietnam', 'MtCO2e'),
('ZAF', 'South Africa', 'MtCO2e');

-- --------------------------------------------------------

--
-- Tabellenstruktur für Tabelle `emissions`
--

CREATE TABLE `emissions` (
  `id` int(11) NOT NULL,
  `iso` varchar(3) NOT NULL,
  `year` int(11) NOT NULL,
  `emission_value` decimal(10,2) DEFAULT NULL,
  `last_update` timestamp NOT NULL DEFAULT current_timestamp()
) ENGINE=InnoDB DEFAULT CHARSET=utf8mb4 COLLATE=utf8mb4_general_ci;

--
-- Daten für Tabelle `emissions`
--

INSERT INTO `emissions` (`id`, `iso`, `year`, `emission_value`, `last_update`) VALUES
(1, 'DEU', 2015, 792.50, '2025-04-11 14:28:08'),
(2, 'DEU', 2016, 795.60, '2025-04-11 14:28:08'),
(3, 'DEU', 2017, 785.90, '2025-04-11 14:28:08'),
(4, 'DEU', 2018, 758.70, '2025-04-11 14:28:08'),
(5, 'DEU', 2019, 732.20, '2025-04-11 14:28:08'),
(6, 'DEU', 2020, 665.90, '2025-04-11 14:28:08'),
(7, 'DEU', 2021, 675.30, '2025-04-11 14:28:08'),
(8, 'USA', 2015, 5238.30, '2025-04-11 14:28:08'),
(9, 'USA', 2016, 5114.70, '2025-04-11 14:28:08'),
(10, 'USA', 2017, 5075.20, '2025-04-11 14:28:08'),
(11, 'USA', 2018, 5243.80, '2025-04-11 14:28:08'),
(12, 'USA', 2019, 5107.30, '2025-04-11 14:28:08'),
(13, 'USA', 2020, 4578.30, '2025-04-11 14:28:08'),
(14, 'USA', 2021, 4713.50, '2025-04-11 14:28:08'),
(15, 'CHN', 2015, 10875.60, '2025-04-11 14:28:08'),
(16, 'CHN', 2016, 10976.50, '2025-04-11 14:28:08'),
(17, 'CHN', 2017, 11428.80, '2025-04-11 14:28:08'),
(18, 'CHN', 2018, 11940.50, '2025-04-11 14:28:08'),
(19, 'CHN', 2019, 12254.70, '2025-04-11 14:28:08'),
(20, 'CHN', 2020, 12432.80, '2025-04-11 14:28:08'),
(21, 'CHN', 2021, 12791.50, '2025-04-11 14:28:08'),
(22, 'IND', 2015, 2088.70, '2025-04-11 14:28:08'),
(23, 'IND', 2016, 2147.40, '2025-04-11 14:28:08'),
(24, 'IND', 2017, 2234.90, '2025-04-11 14:28:08'),
(25, 'IND', 2018, 2308.70, '2025-04-11 14:28:08'),
(26, 'IND', 2019, 2310.30, '2025-04-11 14:28:08'),
(27, 'IND', 2020, 2121.40, '2025-04-11 14:28:08'),
(28, 'IND', 2021, 2277.20, '2025-04-11 14:28:08'),
(29, 'JPN', 2015, 1223.30, '2025-04-11 14:28:08'),
(30, 'JPN', 2016, 1208.90, '2025-04-11 14:28:08'),
(31, 'JPN', 2017, 1190.10, '2025-04-11 14:28:08'),
(32, 'JPN', 2018, 1146.30, '2025-04-11 14:28:08'),
(33, 'JPN', 2019, 1108.90, '2025-04-11 14:28:08'),
(34, 'JPN', 2020, 1030.80, '2025-04-11 14:28:08'),
(35, 'JPN', 2021, 1062.40, '2025-04-11 14:28:08'),
(36, 'GBR', 2015, 449.20, '2025-04-11 14:28:08'),
(37, 'GBR', 2016, 421.80, '2025-04-11 14:28:08'),
(38, 'GBR', 2017, 405.40, '2025-04-11 14:28:08'),
(39, 'GBR', 2018, 396.90, '2025-04-11 14:28:08'),
(40, 'GBR', 2019, 380.50, '2025-04-11 14:28:08'),
(41, 'GBR', 2020, 329.80, '2025-04-11 14:28:08'),
(42, 'GBR', 2021, 341.50, '2025-04-11 14:28:08'),
(43, 'FRA', 2015, 335.50, '2025-04-11 14:28:08'),
(44, 'FRA', 2016, 332.90, '2025-04-11 14:28:08'),
(45, 'FRA', 2017, 338.20, '2025-04-11 14:28:08'),
(46, 'FRA', 2018, 323.50, '2025-04-11 14:28:08'),
(47, 'FRA', 2019, 312.90, '2025-04-11 14:28:08'),
(48, 'FRA', 2020, 277.20, '2025-04-11 14:28:08'),
(49, 'FRA', 2021, 289.80, '2025-04-11 14:28:08'),
(50, 'ITA', 2015, 357.70, '2025-04-11 14:28:08'),
(51, 'ITA', 2016, 356.30, '2025-04-11 14:28:08'),
(52, 'ITA', 2017, 355.80, '2025-04-11 14:28:08'),
(53, 'ITA', 2018, 346.50, '2025-04-11 14:28:08'),
(54, 'ITA', 2019, 332.40, '2025-04-11 14:28:08'),
(55, 'ITA', 2020, 286.70, '2025-04-11 14:28:08'),
(56, 'ITA', 2021, 298.30, '2025-04-11 14:28:08'),
(57, 'CAN', 2015, 722.40, '2025-04-11 14:28:08'),
(58, 'CAN', 2016, 707.20, '2025-04-11 14:28:08'),
(59, 'CAN', 2017, 716.80, '2025-04-11 14:28:08'),
(60, 'CAN', 2018, 728.60, '2025-04-11 14:28:08'),
(61, 'CAN', 2019, 730.20, '2025-04-11 14:28:08'),
(62, 'CAN', 2020, 672.40, '2025-04-11 14:28:08'),
(63, 'CAN', 2021, 687.90, '2025-04-11 14:28:08'),
(64, 'AUS', 2015, 533.50, '2025-04-11 14:28:08'),
(65, 'AUS', 2016, 538.20, '2025-04-11 14:28:08'),
(66, 'AUS', 2017, 550.40, '2025-04-11 14:28:08'),
(67, 'AUS', 2018, 540.90, '2025-04-11 14:28:08'),
(68, 'AUS', 2019, 544.40, '2025-04-11 14:28:08'),
(69, 'AUS', 2020, 502.30, '2025-04-11 14:28:08'),
(70, 'AUS', 2021, 521.80, '2025-04-11 14:28:08'),
(71, 'BRA', 2015, 492.80, '2025-04-11 14:28:08'),
(72, 'BRA', 2016, 474.30, '2025-04-11 14:28:08'),
(73, 'BRA', 2017, 492.40, '2025-04-11 14:28:08'),
(74, 'BRA', 2018, 483.20, '2025-04-11 14:28:08'),
(75, 'BRA', 2019, 478.90, '2025-04-11 14:28:08'),
(76, 'BRA', 2020, 452.10, '2025-04-11 14:28:08'),
(77, 'BRA', 2021, 468.40, '2025-04-11 14:28:08'),
(78, 'RUS', 2015, 1678.60, '2025-04-11 14:28:08'),
(79, 'RUS', 2016, 1661.90, '2025-04-11 14:28:08'),
(80, 'RUS', 2017, 1690.80, '2025-04-11 14:28:08'),
(81, 'RUS', 2018, 1748.30, '2025-04-11 14:28:08'),
(82, 'RUS', 2019, 1734.50, '2025-04-11 14:28:08'),
(83, 'RUS', 2020, 1577.30, '2025-04-11 14:28:08'),
(84, 'RUS', 2021, 1755.20, '2025-04-11 14:28:08'),
(85, 'MEX', 2015, 472.30, '2025-04-11 14:28:08'),
(86, 'MEX', 2016, 474.80, '2025-04-11 14:28:08'),
(87, 'MEX', 2017, 471.20, '2025-04-11 14:28:08'),
(88, 'MEX', 2018, 465.30, '2025-04-11 14:28:08'),
(89, 'MEX', 2019, 451.80, '2025-04-11 14:28:08'),
(90, 'MEX', 2020, 402.30, '2025-04-11 14:28:08'),
(91, 'MEX', 2021, 418.60, '2025-04-11 14:28:08'),
(92, 'ESP', 2015, 285.90, '2025-04-11 14:28:08'),
(93, 'ESP', 2016, 275.40, '2025-04-11 14:28:08'),
(94, 'ESP', 2017, 287.30, '2025-04-11 14:28:08'),
(95, 'ESP', 2018, 279.80, '2025-04-11 14:28:08'),
(96, 'ESP', 2019, 265.40, '2025-04-11 14:28:08'),
(97, 'ESP', 2020, 221.50, '2025-04-11 14:28:08'),
(98, 'ESP', 2021, 234.80, '2025-04-11 14:28:08'),
(99, 'KOR', 2015, 692.40, '2025-04-11 14:28:08'),
(100, 'KOR', 2016, 701.30, '2025-04-11 14:28:08'),
(101, 'KOR', 2017, 709.80, '2025-04-11 14:28:08'),
(102, 'KOR', 2018, 717.50, '2025-04-11 14:28:08'),
(103, 'KOR', 2019, 701.40, '2025-04-11 14:28:08'),
(104, 'KOR', 2020, 648.60, '2025-04-11 14:28:08'),
(105, 'KOR', 2021, 679.30, '2025-04-11 14:28:08'),
(106, 'IDN', 2017, 1393.73, '2025-04-11 14:28:08'),
(107, 'IDN', 2018, 1648.05, '2025-04-11 14:28:08'),
(108, 'IDN', 2019, 1919.32, '2025-04-11 14:28:08'),
(109, 'IDN', 2020, 1481.59, '2025-04-11 14:28:08'),
(110, 'IDN', 2021, 1484.66, '2025-04-11 14:28:08'),
(111, 'IRN', 2017, 885.89, '2025-04-11 14:28:08'),
(112, 'IRN', 2018, 880.60, '2025-04-11 14:28:08'),
(113, 'IRN', 2019, 898.34, '2025-04-11 14:28:08'),
(114, 'IRN', 2020, 908.39, '2025-04-11 14:28:08'),
(115, 'IRN', 2021, 952.23, '2025-04-11 14:28:08'),
(116, 'SAU', 2017, 724.59, '2025-04-11 14:28:08'),
(117, 'SAU', 2018, 712.36, '2025-04-11 14:28:08'),
(118, 'SAU', 2019, 717.30, '2025-04-11 14:28:08'),
(119, 'SAU', 2020, 708.47, '2025-04-11 14:28:08'),
(120, 'SAU', 2021, 730.64, '2025-04-11 14:28:08'),
(121, 'COD', 2017, 689.24, '2025-04-11 14:28:08'),
(122, 'COD', 2018, 682.46, '2025-04-11 14:28:08'),
(123, 'COD', 2019, 687.62, '2025-04-11 14:28:08'),
(124, 'COD', 2020, 687.81, '2025-04-11 14:28:08'),
(125, 'COD', 2021, 687.22, '2025-04-11 14:28:08'),
(126, 'ZAF', 2017, 552.19, '2025-04-11 14:28:08'),
(127, 'ZAF', 2018, 556.84, '2025-04-11 14:28:08'),
(128, 'ZAF', 2019, 563.55, '2025-04-11 14:28:08'),
(129, 'ZAF', 2020, 509.29, '2025-04-11 14:28:08'),
(130, 'ZAF', 2021, 517.35, '2025-04-11 14:28:08'),
(131, 'TUR', 2017, 474.47, '2025-04-11 14:28:08'),
(132, 'TUR', 2018, 474.88, '2025-04-11 14:28:08'),
(133, 'TUR', 2019, 462.83, '2025-04-11 14:28:08'),
(134, 'TUR', 2020, 475.93, '2025-04-11 14:28:08'),
(135, 'TUR', 2021, 513.66, '2025-04-11 14:28:08'),
(136, 'PAK', 2017, 433.38, '2025-04-11 14:28:08'),
(137, 'PAK', 2018, 429.45, '2025-04-11 14:28:08'),
(138, 'PAK', 2019, 434.26, '2025-04-11 14:28:08'),
(139, 'PAK', 2020, 466.59, '2025-04-11 14:28:08'),
(140, 'PAK', 2021, 488.02, '2025-04-11 14:28:08'),
(141, 'VNM', 2017, 335.32, '2025-04-11 14:28:08'),
(142, 'VNM', 2018, 394.39, '2025-04-11 14:28:08'),
(143, 'VNM', 2019, 451.19, '2025-04-11 14:28:08'),
(144, 'VNM', 2020, 464.89, '2025-04-11 14:28:08'),
(145, 'VNM', 2021, 457.05, '2025-04-11 14:28:08'),
(146, 'THA', 2017, 433.14, '2025-04-11 14:28:08'),
(147, 'THA', 2018, 434.59, '2025-04-11 14:28:08'),
(148, 'THA', 2019, 451.55, '2025-04-11 14:28:08'),
(149, 'THA', 2020, 451.84, '2025-04-11 14:28:08'),
(150, 'THA', 2021, 449.51, '2025-04-11 14:28:08'),
(151, 'ARG', 2017, 413.92, '2025-04-11 14:28:08'),
(152, 'ARG', 2018, 412.21, '2025-04-11 14:28:08'),
(153, 'ARG', 2019, 408.72, '2025-04-11 14:28:08'),
(154, 'ARG', 2020, 396.76, '2025-04-11 14:28:08'),
(155, 'ARG', 2021, 419.55, '2025-04-11 14:28:08'),
(156, 'NGA', 2017, 364.81, '2025-04-11 14:28:08'),
(157, 'NGA', 2018, 373.06, '2025-04-11 14:28:08'),
(158, 'NGA', 2019, 385.56, '2025-04-11 14:28:08'),
(159, 'NGA', 2020, 375.51, '2025-04-11 14:28:08'),
(160, 'NGA', 2021, 380.78, '2025-04-11 14:28:08'),
(161, 'MYS', 2017, 344.84, '2025-04-11 14:28:08'),
(162, 'MYS', 2018, 367.73, '2025-04-11 14:28:08'),
(163, 'MYS', 2019, 374.08, '2025-04-11 14:28:08'),
(164, 'MYS', 2020, 364.30, '2025-04-11 14:28:08'),
(165, 'MYS', 2021, 366.28, '2025-04-11 14:28:08'),
(166, 'POL', 2017, 357.30, '2025-04-11 14:28:08'),
(167, 'POL', 2018, 355.53, '2025-04-11 14:28:08'),
(168, 'POL', 2019, 337.90, '2025-04-11 14:28:08'),
(169, 'POL', 2020, 321.99, '2025-04-11 14:28:08'),
(170, 'POL', 2021, 347.67, '2025-04-11 14:28:08'),
(171, 'EGY', 2017, 336.70, '2025-04-11 14:28:08'),
(172, 'EGY', 2018, 330.85, '2025-04-11 14:28:08'),
(173, 'EGY', 2019, 306.74, '2025-04-11 14:28:08'),
(174, 'EGY', 2020, 294.97, '2025-04-11 14:28:08'),
(175, 'EGY', 2021, 319.69, '2025-04-11 14:28:08'),
(176, 'KAZ', 2017, 305.53, '2025-04-11 14:28:08'),
(177, 'KAZ', 2018, 305.76, '2025-04-11 14:28:08'),
(178, 'KAZ', 2019, 293.05, '2025-04-11 14:28:08'),
(179, 'KAZ', 2020, 299.53, '2025-04-11 14:28:08'),
(180, 'KAZ', 2021, 317.74, '2025-04-11 14:28:08'),
(181, 'UKR', 2017, 285.71, '2025-04-11 14:28:08'),
(182, 'UKR', 2018, 284.62, '2025-04-11 14:28:08'),
(183, 'UKR', 2019, 277.53, '2025-04-11 14:28:08'),
(184, 'UKR', 2020, 253.12, '2025-04-11 14:28:08'),
(185, 'UKR', 2021, 262.45, '2025-04-11 14:28:08'),
(186, 'PHL', 2017, 275.89, '2025-04-11 14:28:08'),
(187, 'PHL', 2018, 283.75, '2025-04-11 14:28:08'),
(188, 'PHL', 2019, 289.67, '2025-04-11 14:28:08'),
(189, 'PHL', 2020, 264.32, '2025-04-11 14:28:08'),
(190, 'PHL', 2021, 271.56, '2025-04-11 14:28:08'),
(191, 'BGD', 2017, 268.45, '2025-04-11 14:28:08'),
(192, 'BGD', 2018, 274.89, '2025-04-11 14:28:08'),
(193, 'BGD', 2019, 281.34, '2025-04-11 14:28:08'),
(194, 'BGD', 2020, 275.67, '2025-04-11 14:28:08'),
(195, 'BGD', 2021, 282.45, '2025-04-11 14:28:08'),
(196, 'CHL', 2017, 245.67, '2025-04-11 14:28:08'),
(197, 'CHL', 2018, 251.34, '2025-04-11 14:28:08'),
(198, 'CHL', 2019, 248.92, '2025-04-11 14:28:08'),
(199, 'CHL', 2020, 231.45, '2025-04-11 14:28:08'),
(200, 'CHL', 2021, 238.67, '2025-04-11 14:28:08'),
(201, 'CZE', 2017, 235.78, '2025-04-11 14:28:08'),
(202, 'CZE', 2018, 233.45, '2025-04-11 14:28:08'),
(203, 'CZE', 2019, 228.90, '2025-04-11 14:28:08'),
(204, 'CZE', 2020, 215.67, '2025-04-11 14:28:08'),
(205, 'CZE', 2021, 223.45, '2025-04-11 14:28:08'),
(206, 'ARE', 2017, 225.45, '2025-04-11 14:28:08'),
(207, 'ARE', 2018, 228.90, '2025-04-11 14:28:08'),
(208, 'ARE', 2019, 232.34, '2025-04-11 14:28:08'),
(209, 'ARE', 2020, 224.56, '2025-04-11 14:28:08'),
(210, 'ARE', 2021, 231.23, '2025-04-11 14:28:08'),
(211, 'ROU', 2017, 215.67, '2025-04-11 14:28:08'),
(212, 'ROU', 2018, 213.45, '2025-04-11 14:28:08'),
(213, 'ROU', 2019, 208.90, '2025-04-11 14:28:08'),
(214, 'ROU', 2020, 195.67, '2025-04-11 14:28:08'),
(215, 'ROU', 2021, 203.45, '2025-04-11 14:28:08'),
(216, 'COL', 2017, 205.45, '2025-04-11 14:28:08'),
(217, 'COL', 2018, 208.90, '2025-04-11 14:28:08'),
(218, 'COL', 2019, 212.34, '2025-04-11 14:28:08'),
(219, 'COL', 2020, 204.56, '2025-04-11 14:28:08'),
(220, 'COL', 2021, 211.23, '2025-04-11 14:28:08'),
(221, 'PER', 2017, 195.67, '2025-04-11 14:28:08'),
(222, 'PER', 2018, 193.45, '2025-04-11 14:28:08'),
(223, 'PER', 2019, 188.90, '2025-04-11 14:28:08'),
(224, 'PER', 2020, 175.67, '2025-04-11 14:28:08'),
(225, 'PER', 2021, 183.45, '2025-04-11 14:28:08'),
(226, 'NLD', 2017, 185.45, '2025-04-11 14:28:08'),
(227, 'NLD', 2018, 188.90, '2025-04-11 14:28:08'),
(228, 'NLD', 2019, 192.34, '2025-04-11 14:28:08'),
(229, 'NLD', 2020, 184.56, '2025-04-11 14:28:08'),
(230, 'NLD', 2021, 191.23, '2025-04-11 14:28:08'),
(231, 'BEL', 2017, 175.67, '2025-04-11 14:28:08'),
(232, 'BEL', 2018, 173.45, '2025-04-11 14:28:08'),
(233, 'BEL', 2019, 168.90, '2025-04-11 14:28:08'),
(234, 'BEL', 2020, 155.67, '2025-04-11 14:28:08'),
(235, 'BEL', 2021, 163.45, '2025-04-11 14:28:08'),
(236, 'VEN', 2017, 165.45, '2025-04-11 14:28:08'),
(237, 'VEN', 2018, 168.90, '2025-04-11 14:28:08'),
(238, 'VEN', 2019, 172.34, '2025-04-11 14:28:08'),
(239, 'VEN', 2020, 164.56, '2025-04-11 14:28:08'),
(240, 'VEN', 2021, 171.23, '2025-04-11 14:28:08'),
(241, 'MMR', 2017, 155.67, '2025-04-11 14:28:08'),
(242, 'MMR', 2018, 153.45, '2025-04-11 14:28:08'),
(243, 'MMR', 2019, 148.90, '2025-04-11 14:28:08'),
(244, 'MMR', 2020, 135.67, '2025-04-11 14:28:08'),
(245, 'MMR', 2021, 143.45, '2025-04-11 14:28:08'),
(246, 'IRQ', 2017, 145.45, '2025-04-11 14:28:08'),
(247, 'IRQ', 2018, 148.90, '2025-04-11 14:28:08'),
(248, 'IRQ', 2019, 152.34, '2025-04-11 14:28:08'),
(249, 'IRQ', 2020, 144.56, '2025-04-11 14:28:08'),
(250, 'IRQ', 2021, 151.23, '2025-04-11 14:28:08'),
(251, 'AUT', 2017, 135.67, '2025-04-11 14:28:08'),
(252, 'AUT', 2018, 133.45, '2025-04-11 14:28:08'),
(253, 'AUT', 2019, 128.90, '2025-04-11 14:28:08'),
(254, 'AUT', 2020, 115.67, '2025-04-11 14:28:08'),
(255, 'AUT', 2021, 123.45, '2025-04-11 14:28:08');

-- --------------------------------------------------------

--
-- Tabellenstruktur für Tabelle `emissions_SEQ`
--

CREATE TABLE `emissions_SEQ` (
  `next_val` bigint(20) DEFAULT NULL
) ENGINE=InnoDB DEFAULT CHARSET=utf8mb4 COLLATE=utf8mb4_general_ci;

--
-- Daten für Tabelle `emissions_SEQ`
--

INSERT INTO `emissions_SEQ` (`next_val`) VALUES
(351),
(351),
(351),
(351),
(351),
(351),
(351),
(351),
(351),
(351),
(351),
(351),
(351),
(351),
(351),
(351),
(351),
(351),
(351),
(351),
(351),
(351),
(351),
(351),
(351),
(351),
(351),
(351),
(351),
(351),
(351),
(1),
(1),
(1),
(1),
(1),
(1),
(1),
(1),
(1),
(1),
(1),
(1),
(1),
(1),
(1),
(1),
(1),
(1),
(1),
(1),
(1),
(1),
(1),
(1),
(1),
(1),
(1),
(1),
(1),
(1),
(1),
(1),
(1),
(1),
(1),
(1),
(1),
(1),
(1),
(1),
(1),
(1),
(1),
(1),
(1),
(1),
(1),
(1),
(1),
(1),
(1),
(1),
(1),
(1),
(1),
(1),
(1),
(1),
(1),
(1),
(1),
(1),
(1),
(1),
(1),
(1),
(1),
(1),
(1),
(1),
(1),
(1),
(1),
(1),
(1),
(1),
(1),
(1),
(1),
(1),
(1),
(1),
(1),
(1),
(1),
(1),
(1),
(1),
(1),
(1),
(1),
(1),
(1),
(1),
(1),
(1),
(1),
(1),
(1),
(1),
(1),
(1),
(1),
(1),
(1),
(1),
(1),
(1),
(1),
(1),
(1),
(1),
(1),
(1),
(1),
(1),
(1),
(1),
(1),
(1),
(1),
(1),
(1),
(1),
(1),
(1),
(1),
(1),
(1),
(1),
(1),
(1),
(1),
(1),
(1),
(1),
(1),
(1),
(1),
(1),
(1),
(1),
(1),
(1),
(1),
(1),
(1),
(1),
(1),
(1),
(1),
(1),
(1),
(1),
(1),
(1),
(1),
(1),
(1),
(1),
(1),
(1),
(1),
(1),
(1),
(1),
(1),
(1),
(1),
(1),
(1),
(1),
(1),
(1),
(1),
(1),
(1),
(1),
(1),
(1),
(1),
(1),
(1),
(1),
(1),
(1),
(1),
(1),
(1),
(1),
(1),
(1),
(1),
(1),
(1),
(1),
(1),
(1),
(1),
(1),
(1),
(1),
(1),
(1),
(1),
(1),
(1),
(1),
(1),
(1),
(1),
(1),
(1),
(1),
(1),
(1),
(1),
(1),
(1),
(1),
(1),
(1),
(1),
(1),
(1),
(1),
(1),
(1),
(1),
(1),
(1),
(1),
(1),
(1),
(1),
(1),
(1),
(1),
(1),
(1),
(1),
(1),
(1),
(1),
(1),
(1),
(1),
(1),
(1),
(1),
(1),
(1),
(1),
(1),
(1),
(1),
(1),
(1),
(1),
(1),
(1),
(1),
(1),
(1),
(1),
(1),
(1),
(1),
(1),
(1),
(1),
(1),
(1),
(1),
(1),
(1),
(1),
(1),
(1),
(1),
(1),
(1),
(1),
(1),
(1),
(1),
(1);

-- --------------------------------------------------------

--
-- Tabellenstruktur für Tabelle `pending_emissions`
--

CREATE TABLE `pending_emissions` (
  `id` bigint(20) NOT NULL,
  `iso` varchar(10) NOT NULL,
  `year` int(11) NOT NULL,
  `emission_value` double NOT NULL,
  `submission_date` timestamp NOT NULL DEFAULT current_timestamp(),
  `scientist_username` varchar(255) DEFAULT NULL,
  `status` varchar(20) NOT NULL,
  `country_iso` varchar(10) DEFAULT NULL
) ENGINE=InnoDB DEFAULT CHARSET=utf8mb4 COLLATE=utf8mb4_general_ci;

--
-- Daten für Tabelle `pending_emissions`
--

INSERT INTO `pending_emissions` (`id`, `iso`, `year`, `emission_value`, `submission_date`, `scientist_username`, `status`, `country_iso`) VALUES
(1, 'ARG', 2021, 22, '2025-04-25 19:10:53', 'scientist1', 'APPROVED', 'ARG'),
(2, 'ARG', 2021, 419.55, '2025-04-25 19:12:08', 'scientist1', 'APPROVED', 'ARG'),
(3, 'ARG', 2021, 22, '2025-04-25 20:00:48', 'scientist1', 'APPROVED', 'ARG'),
(4, 'AUS', 2022, 44, '2025-04-25 20:42:56', 'scientist1', 'REJECTED', 'AUS'),
(5, 'AUT', 2021, 222, '2025-04-26 18:19:02', 'scientist1', 'APPROVED', 'AUT'),
(6, 'AUT', 2021, 234, '2025-04-26 18:57:44', 'scientist1', 'REJECTED', 'AUT'),
(7, 'ARG', 2021, 419.55, '2025-04-26 18:58:53', 'scientist1', 'APPROVED', 'ARG'),
(8, 'CAN', 0, 22, '2025-04-26 19:28:43', 'scientist1', 'REJECTED', 'CAN'),
(9, 'BGD', 2021, 22, '2025-04-26 19:29:54', 'scientist1', 'APPROVED', 'BGD'),
(10, 'BGD', 2021, 282.45, '2025-04-26 19:30:29', 'scientist1', 'APPROVED', 'BGD'),
(11, 'COL', 2021, 22, '2025-04-26 19:35:20', 'scientist1', 'REJECTED', 'COL'),
(12, 'NLD', 2021, 22, '2025-04-26 19:38:05', 'scientist1', 'PENDING', 'NLD'),
(13, 'AUT', 2021, 123.45, '2025-04-26 19:38:58', 'scientist1', 'PENDING', 'AUT'),
(14, 'GBR', 0, 333, '2025-04-27 11:08:33', 'scientist1', 'PENDING', 'GBR'),
(15, 'CHN', 2021, 2222, '2025-04-27 21:05:32', 'scientist1', 'PENDING', 'CHN');

-- --------------------------------------------------------

--
-- Tabellenstruktur für Tabelle `users`
--

CREATE TABLE `users` (
  `id` bigint(20) NOT NULL,
  `username` varchar(50) NOT NULL,
  `password` varchar(64) NOT NULL,
  `role` varchar(20) NOT NULL
) ENGINE=InnoDB DEFAULT CHARSET=utf8mb4 COLLATE=utf8mb4_general_ci;

--
-- Daten für Tabelle `users`
--

INSERT INTO `users` (`id`, `username`, `password`, `role`) VALUES
(7, 'scientist1', 'XohImNooBHFR0OVvjcYpJ3NgPQ1qq73WKhHvch0VQtg=', 'SCIENTIST'),
(8, '1admin', 'XohImNooBHFR0OVvjcYpJ3NgPQ1qq73WKhHvch0VQtg=', 'ADMIN');

--
-- Indizes der exportierten Tabellen
--

--
-- Indizes für die Tabelle `countries`
--
ALTER TABLE `countries`
  ADD PRIMARY KEY (`iso`);

--
-- Indizes für die Tabelle `emissions`
--
ALTER TABLE `emissions`
  ADD PRIMARY KEY (`id`),
  ADD UNIQUE KEY `year_country` (`year`,`iso`),
  ADD KEY `FKorl4qxemeubwxr8hbhppweth9` (`iso`);

--
-- Indizes für die Tabelle `pending_emissions`
--
ALTER TABLE `pending_emissions`
  ADD PRIMARY KEY (`id`),
  ADD KEY `FK8nrseimv62xoqbsdov07rww0j` (`country_iso`);

--
-- Indizes für die Tabelle `users`
--
ALTER TABLE `users`
  ADD PRIMARY KEY (`id`),
  ADD UNIQUE KEY `username` (`username`),
  ADD UNIQUE KEY `UK_r43af9ap4edm43mmtq01oddj6` (`username`);

--
-- AUTO_INCREMENT für exportierte Tabellen
--

--
-- AUTO_INCREMENT für Tabelle `emissions`
--
ALTER TABLE `emissions`
  MODIFY `id` int(11) NOT NULL AUTO_INCREMENT, AUTO_INCREMENT=256;

--
-- AUTO_INCREMENT für Tabelle `pending_emissions`
--
ALTER TABLE `pending_emissions`
  MODIFY `id` bigint(20) NOT NULL AUTO_INCREMENT, AUTO_INCREMENT=16;

--
-- AUTO_INCREMENT für Tabelle `users`
--
ALTER TABLE `users`
  MODIFY `id` bigint(20) NOT NULL AUTO_INCREMENT, AUTO_INCREMENT=9;

--
-- Constraints der exportierten Tabellen
--

--
-- Constraints der Tabelle `emissions`
--
ALTER TABLE `emissions`
  ADD CONSTRAINT `FKorl4qxemeubwxr8hbhppweth9` FOREIGN KEY (`iso`) REFERENCES `countries` (`iso`),
  ADD CONSTRAINT `emissions_ibfk_1` FOREIGN KEY (`iso`) REFERENCES `countries` (`iso`);

--
-- Constraints der Tabelle `pending_emissions`
--
ALTER TABLE `pending_emissions`
  ADD CONSTRAINT `FK8nrseimv62xoqbsdov07rww0j` FOREIGN KEY (`country_iso`) REFERENCES `countries` (`iso`),
  ADD CONSTRAINT `pending_emissions_ibfk_1` FOREIGN KEY (`country_iso`) REFERENCES `countries` (`iso`);
COMMIT;

/*!40101 SET CHARACTER_SET_CLIENT=@OLD_CHARACTER_SET_CLIENT */;
/*!40101 SET CHARACTER_SET_RESULTS=@OLD_CHARACTER_SET_RESULTS */;
/*!40101 SET COLLATION_CONNECTION=@OLD_COLLATION_CONNECTION */;
